"ag2018","ag2022stroke","gov2018stroke","gov2022stroke","ltgov2022stroke","president2016stroke","president2020stroke","president2024stroke","senator2022stroke","senator2024stroke","sos2022stroke","treas2022stroke"
"#000000","#000000","#000000","#000000","#000000","#000000","#000000","#000000","#000000","#000000","#000000","#000000"
"none","none","none","none","none","none","none","none","none","none","none","none"
"#000000","#000000","#000000","#000000","#000000","#000000","#000000","#000000","#000000","#000000","#000000","#000000"
"none","none","none","none","none","none","none","none","none","none","none","none"
"none","none","none","none","none","none","none","none","none","none","none","none"
"none","none","none","none","none","none","none","none","none","none","none","none"
"none","none","none","none","none","none","none","none","none","none","none","none"
"none","none","none","none","none","none","none","none","none","none","none","none"
"none","#000000","none","#000000","#000000","none","none","#000000","none","#000000","#000000","#000000"
"none","none","none","none","none","none","none","none","none","none","none","none"
"none","none","none","none","none","none","none","none","none","none","none","none"
"none","none","none","none","none","none","none","none","none","none","none","none"
"none","#000000","none","none","#000000","none","none","#000000","#000000","#000000","#000000","#000000"
"none","none","none","none","none","none","none","none","none","none","none","none"
"none","none","none","none","none","none","none","none","none","none","none","none"
"none","none","none","none","none","none","none","none","none","none","none","none"
"none","none","none","none","none","none","none","none","none","none","none","none"
"none","none","none","none","none","none","none","none","none","none","none","none"
"none","none","none","none","none","none","none","none","none","none","none","none"
"none","none","none","none","none","none","none","none","none","none","none","none"
"none","none","none","none","none","none","none","none","none","none","none","none"
"none","#000000","none","#000000","#000000","none","none","none","none","none","none","#000000"
"none","none","none","none","none","none","none","none","none","none","none","none"
"none","none","none","none","none","none","none","none","none","none","none","none"
"none","none","none","none","none","none","none","none","none","none","none","none"
"none","none","none","none","none","none","none","none","none","none","none","none"
"none","#000000","none","#000000","#000000","none","none","none","none","none","#000000","#000000"
"none","none","none","none","none","none","none","none","none","none","none","none"
"none","none","none","none","none","none","none","none","none","none","none","none"
"none","none","none","none","none","none","none","none","none","none","none","none"
"none","none","none","none","none","none","none","none","none","none","none","none"
"none","none","none","none","none","none","none","none","none","none","none","none"
"none","none","none","none","none","none","none","none","none","none","none","none"
"none","none","none","none","none","none","none","none","none","none","none","none"
"none","none","none","none","none","none","none","none","none","none","none","none"
"none","none","none","none","none","none","none","none","none","none","none","none"
"none","none","none","none","none","none","none","none","none","none","none","none"
"none","none","none","none","none","none","none","none","none","none","none","none"
"none","none","none","none","none","none","none","none","none","none","none","none"
"none","none","none","none","none","none","none","none","none","none","none","none"
"#000000","#000000","#000000","#000000","#000000","#000000","#000000","#000000","#000000","#000000","#000000","#000000"
"none","none","none","none","none","none","none","none","none","none","none","none"
"none","none","none","none","none","none","none","none","none","none","none","none"
"none","none","none","none","none","none","none","none","none","none","none","none"
"none","none","none","#000000","#000000","none","none","none","#000000","#000000","#000000","none"
"none","none","none","none","none","none","none","none","none","none","none","none"
"none","#000000","none","#000000","none","none","none","none","none","#000000","#000000","#000000"
"#000000","none","none","none","none","none","#000000","#000000","#000000","#000000","#000000","none"
"none","none","none","none","none","none","none","none","none","none","none","#000000"
"none","none","none","none","none","none","none","none","none","none","none","none"
"none","none","none","none","none","none","none","none","none","none","none","none"
"none","none","none","none","none","none","none","none","none","none","none","none"
