{"type":"FeatureCollection", "features": [
{"type":"Feature","geometry":{"type":"Point","coordinates":[2601010.7133692554,468196.40852254117]},"properties":{"NAME":"Allentown","CLASS":"city","ST":"PA","STFIPS":"42","PLACEFIPS":"4202000","CAPITAL":" ","POP_CLASS":8,"POPULATION":122122,"POP2010":118032,"WHITE":69061,"BLACK":14812,"AMERI_ES":893,"ASIAN":2542,"HAWN_PI":55,"HISPANIC":50461,"OTHER":24756,"MULT_RACE":5913,"MALES":56869,"FEMALES":61163,"AGE_UNDER5":9332,"AGE_5_9":8413,"AGE_10_14":8136,"AGE_15_19":9435,"AGE_20_24":10094,"AGE_25_34":17131,"AGE_35_44":14653,"AGE_45_54":15377,"AGE_55_64":11440,"AGE_65_74":6525,"AGE_75_84":4937,"AGE_85_UP":2559,"MED_AGE":32.9,"MED_AGE_M":31.9,"MED_AGE_F":33.8,"HOUSEHOLDS":42804,"AVE_HH_SZ":2.64,"HSEHLD_1_M":7421,"HSEHLD_1_F":8532,"MARHH_CHD":6678,"MARHH_NO_C":8307,"MHH_CHILD":1749,"FHH_CHILD":6611,"FAMILIES":26683,"AVE_FAM_SZ":3.29,"HSE_UNITS":46921,"VACANT":4117,"OWNER_OCC":20730,"RENTER_OCC":22074,"label-text":"Allentown","text-anchor":"end","font-size":"13px","font-weight":"800","line-height":"16px","font-family":"arial","class":"g-text-shadow p","dy":15,"type":"text-label"},"id":2928},
{"type":"Feature","geometry":{"type":"Point","coordinates":[1338041.4035665055,1022359.6248806051]},"properties":{"NAME":"Erie","CLASS":"city","ST":"PA","STFIPS":"42","PLACEFIPS":"4224000","CAPITAL":" ","POP_CLASS":8,"POPULATION":100973,"POP2010":101786,"WHITE":76327,"BLACK":17141,"AMERI_ES":291,"ASIAN":1515,"HAWN_PI":53,"HISPANIC":7005,"OTHER":2498,"MULT_RACE":3961,"MALES":49126,"FEMALES":52660,"AGE_UNDER5":7654,"AGE_5_9":6532,"AGE_10_14":6200,"AGE_15_19":8002,"AGE_20_24":10341,"AGE_25_34":14362,"AGE_35_44":11627,"AGE_45_54":13171,"AGE_55_64":10800,"AGE_65_74":6019,"AGE_75_84":4592,"AGE_85_UP":2486,"MED_AGE":33.3,"MED_AGE_M":32.2,"MED_AGE_F":34.3,"HOUSEHOLDS":40913,"AVE_HH_SZ":2.36,"HSEHLD_1_M":8309,"HSEHLD_1_F":9543,"MARHH_CHD":5368,"MARHH_NO_C":7614,"MHH_CHILD":1423,"FHH_CHILD":5287,"FAMILIES":22915,"AVE_FAM_SZ":3.08,"HSE_UNITS":44790,"VACANT":3877,"OWNER_OCC":21408,"RENTER_OCC":19505,"label-text":"Erie","text-anchor":"middle","font-size":"13px","font-weight":"800","line-height":"16px","font-family":"arial","class":"g-text-shadow p","dy":15,"type":"text-label"},"id":2954},
{"type":"Feature","geometry":{"type":"Point","coordinates":[2211098.6436317107,340247.06092061434]},"properties":{"NAME":"Harrisburg","CLASS":"city","ST":"PA","STFIPS":"42","PLACEFIPS":"4232800","CAPITAL":"State","POP_CLASS":7,"POPULATION":50368,"POP2010":49528,"WHITE":15181,"BLACK":25957,"AMERI_ES":251,"ASIAN":1709,"HAWN_PI":29,"HISPANIC":8939,"OTHER":3847,"MULT_RACE":2554,"MALES":23828,"FEMALES":25700,"AGE_UNDER5":4392,"AGE_5_9":3532,"AGE_10_14":3209,"AGE_15_19":3597,"AGE_20_24":3987,"AGE_25_34":7783,"AGE_35_44":6218,"AGE_45_54":6802,"AGE_55_64":5521,"AGE_65_74":2545,"AGE_75_84":1364,"AGE_85_UP":578,"MED_AGE":32.5,"MED_AGE_M":31.9,"MED_AGE_F":32.9,"HOUSEHOLDS":20605,"AVE_HH_SZ":2.36,"HSEHLD_1_M":5112,"HSEHLD_1_F":4787,"MARHH_CHD":1812,"MARHH_NO_C":2394,"MHH_CHILD":682,"FHH_CHILD":3916,"FAMILIES":10626,"AVE_FAM_SZ":3.22,"HSE_UNITS":24269,"VACANT":3664,"OWNER_OCC":7994,"RENTER_OCC":12611,"label-text":"Harrisburg","text-anchor":"end","font-size":"13px","font-weight":"800","line-height":"16px","font-family":"arial","class":"g-text-shadow p","dx":-5,"type":"text-label"},"id":2959},
{"type":"Feature","geometry":{"type":"Point","coordinates":[2694254.5458827084,235777.4630716631]},"properties":{"NAME":"Philadelphia","CLASS":"city","ST":"PA","STFIPS":"42","PLACEFIPS":"4260000","CAPITAL":" ","POP_CLASS":10,"POPULATION":1587761,"POP2010":1526006,"WHITE":626221,"BLACK":661839,"AMERI_ES":6996,"ASIAN":96405,"HAWN_PI":744,"HISPANIC":187611,"OTHER":90731,"MULT_RACE":43070,"MALES":719813,"FEMALES":806193,"AGE_UNDER5":101053,"AGE_5_9":90827,"AGE_10_14":90640,"AGE_15_19":118297,"AGE_20_24":146717,"AGE_25_34":246062,"AGE_35_44":188323,"AGE_45_54":197970,"AGE_55_64":160808,"AGE_65_74":94764,"AGE_75_84":62434,"AGE_85_UP":28111,"MED_AGE":33.6,"MED_AGE_M":32.1,"MED_AGE_F":35.1,"HOUSEHOLDS":599736,"AVE_HH_SZ":2.45,"HSEHLD_1_M":118372,"HSEHLD_1_F":139405,"MARHH_CHD":74277,"MARHH_NO_C":95310,"MHH_CHILD":18486,"FHH_CHILD":86946,"FAMILIES":340354,"AVE_FAM_SZ":3.2,"HSE_UNITS":670171,"VACANT":70435,"OWNER_OCC":324536,"RENTER_OCC":275200,"label-text":"Philadelphia","text-anchor":"end","font-size":"13px","font-weight":"800","line-height":"16px","font-family":"arial","class":"g-text-shadow p","dx":-5,"type":"text-label"},"id":2987},
{"type":"Feature","geometry":{"type":"Point","coordinates":[1348874.9388557314,410758.2084955976]},"properties":{"NAME":"Pittsburgh","CLASS":"city","ST":"PA","STFIPS":"42","PLACEFIPS":"4261000","CAPITAL":" ","POP_CLASS":8,"POPULATION":309419,"POP2010":305704,"WHITE":201766,"BLACK":79710,"AMERI_ES":584,"ASIAN":13465,"HAWN_PI":86,"HISPANIC":6964,"OTHER":2405,"MULT_RACE":7688,"MALES":148101,"FEMALES":157603,"AGE_UNDER5":15109,"AGE_5_9":13026,"AGE_10_14":12848,"AGE_15_19":24349,"AGE_20_24":42212,"AGE_25_34":51740,"AGE_35_44":31990,"AGE_45_54":37894,"AGE_55_64":34385,"AGE_65_74":19689,"AGE_75_84":15115,"AGE_85_UP":7347,"MED_AGE":33.5,"MED_AGE_M":32.1,"MED_AGE_F":35,"HOUSEHOLDS":136217,"AVE_HH_SZ":2.07,"HSEHLD_1_M":35489,"HSEHLD_1_F":38762,"MARHH_CHD":12529,"MARHH_NO_C":23502,"MHH_CHILD":2397,"FHH_CHILD":12421,"FAMILIES":61741,"AVE_FAM_SZ":2.87,"HSE_UNITS":156165,"VACANT":19948,"OWNER_OCC":64807,"RENTER_OCC":71410,"label-text":"Pittsburgh","text-anchor":"middle","font-size":"13px","font-weight":"800","line-height":"16px","font-family":"arial","class":"g-text-shadow p","dy":-10,"type":"text-label"},"id":2989},
{"type":"Feature","geometry":{"type":"Point","coordinates":[1938924.5582281246,531028.8810991066]},"properties":{"NAME":"State College","CLASS":"borough","ST":"PA","STFIPS":"42","PLACEFIPS":"4273808","CAPITAL":" ","POP_CLASS":6,"POPULATION":45853,"POP2010":42034,"WHITE":34959,"BLACK":1602,"AMERI_ES":64,"ASIAN":4121,"HAWN_PI":17,"HISPANIC":1629,"OTHER":418,"MULT_RACE":853,"MALES":22681,"FEMALES":19353,"AGE_UNDER5":777,"AGE_5_9":537,"AGE_10_14":490,"AGE_15_19":8766,"AGE_20_24":21230,"AGE_25_34":3971,"AGE_35_44":1550,"AGE_45_54":1395,"AGE_55_64":1334,"AGE_65_74":839,"AGE_75_84":718,"AGE_85_UP":427,"MED_AGE":22.5,"MED_AGE_M":22.5,"MED_AGE_F":22.4,"HOUSEHOLDS":12610,"AVE_HH_SZ":2.3,"HSEHLD_1_M":5251,"HSEHLD_1_F":4278,"MARHH_CHD":804,"MARHH_NO_C":1485,"MHH_CHILD":125,"FHH_CHILD":248,"FAMILIES":3069,"AVE_FAM_SZ":2.71,"HSE_UNITS":13007,"VACANT":397,"OWNER_OCC":2562,"RENTER_OCC":10048,"label-text":"State College","text-anchor":"middle","font-size":"13px","font-weight":"800","line-height":"16px","font-family":"arial","class":"g-text-shadow p","dy":15,"type":"text-label"},"id":2999},
{"type":"Feature","geometry":{"type":"Point","coordinates":[2601010.7133692554,468196.40852254117]},"properties":{"NAME":"Allentown","CLASS":"city","ST":"PA","STFIPS":"42","PLACEFIPS":"4202000","CAPITAL":" ","POP_CLASS":8,"POPULATION":122122,"POP2010":118032,"WHITE":69061,"BLACK":14812,"AMERI_ES":893,"ASIAN":2542,"HAWN_PI":55,"HISPANIC":50461,"OTHER":24756,"MULT_RACE":5913,"MALES":56869,"FEMALES":61163,"AGE_UNDER5":9332,"AGE_5_9":8413,"AGE_10_14":8136,"AGE_15_19":9435,"AGE_20_24":10094,"AGE_25_34":17131,"AGE_35_44":14653,"AGE_45_54":15377,"AGE_55_64":11440,"AGE_65_74":6525,"AGE_75_84":4937,"AGE_85_UP":2559,"MED_AGE":32.9,"MED_AGE_M":31.9,"MED_AGE_F":33.8,"HOUSEHOLDS":42804,"AVE_HH_SZ":2.64,"HSEHLD_1_M":7421,"HSEHLD_1_F":8532,"MARHH_CHD":6678,"MARHH_NO_C":8307,"MHH_CHILD":1749,"FHH_CHILD":6611,"FAMILIES":26683,"AVE_FAM_SZ":3.29,"HSE_UNITS":46921,"VACANT":4117,"OWNER_OCC":20730,"RENTER_OCC":22074,"r":4,"stroke":"#fff","type":"point"},"id":2928},
{"type":"Feature","geometry":{"type":"Point","coordinates":[1338041.4035665055,1022359.6248806051]},"properties":{"NAME":"Erie","CLASS":"city","ST":"PA","STFIPS":"42","PLACEFIPS":"4224000","CAPITAL":" ","POP_CLASS":8,"POPULATION":100973,"POP2010":101786,"WHITE":76327,"BLACK":17141,"AMERI_ES":291,"ASIAN":1515,"HAWN_PI":53,"HISPANIC":7005,"OTHER":2498,"MULT_RACE":3961,"MALES":49126,"FEMALES":52660,"AGE_UNDER5":7654,"AGE_5_9":6532,"AGE_10_14":6200,"AGE_15_19":8002,"AGE_20_24":10341,"AGE_25_34":14362,"AGE_35_44":11627,"AGE_45_54":13171,"AGE_55_64":10800,"AGE_65_74":6019,"AGE_75_84":4592,"AGE_85_UP":2486,"MED_AGE":33.3,"MED_AGE_M":32.2,"MED_AGE_F":34.3,"HOUSEHOLDS":40913,"AVE_HH_SZ":2.36,"HSEHLD_1_M":8309,"HSEHLD_1_F":9543,"MARHH_CHD":5368,"MARHH_NO_C":7614,"MHH_CHILD":1423,"FHH_CHILD":5287,"FAMILIES":22915,"AVE_FAM_SZ":3.08,"HSE_UNITS":44790,"VACANT":3877,"OWNER_OCC":21408,"RENTER_OCC":19505,"r":4,"stroke":"#fff","type":"point"},"id":2954},
{"type":"Feature","geometry":{"type":"Point","coordinates":[2211098.6436317107,340247.06092061434]},"properties":{"NAME":"Harrisburg","CLASS":"city","ST":"PA","STFIPS":"42","PLACEFIPS":"4232800","CAPITAL":"State","POP_CLASS":7,"POPULATION":50368,"POP2010":49528,"WHITE":15181,"BLACK":25957,"AMERI_ES":251,"ASIAN":1709,"HAWN_PI":29,"HISPANIC":8939,"OTHER":3847,"MULT_RACE":2554,"MALES":23828,"FEMALES":25700,"AGE_UNDER5":4392,"AGE_5_9":3532,"AGE_10_14":3209,"AGE_15_19":3597,"AGE_20_24":3987,"AGE_25_34":7783,"AGE_35_44":6218,"AGE_45_54":6802,"AGE_55_64":5521,"AGE_65_74":2545,"AGE_75_84":1364,"AGE_85_UP":578,"MED_AGE":32.5,"MED_AGE_M":31.9,"MED_AGE_F":32.9,"HOUSEHOLDS":20605,"AVE_HH_SZ":2.36,"HSEHLD_1_M":5112,"HSEHLD_1_F":4787,"MARHH_CHD":1812,"MARHH_NO_C":2394,"MHH_CHILD":682,"FHH_CHILD":3916,"FAMILIES":10626,"AVE_FAM_SZ":3.22,"HSE_UNITS":24269,"VACANT":3664,"OWNER_OCC":7994,"RENTER_OCC":12611,"r":4,"stroke":"#fff","type":"point"},"id":2959},
{"type":"Feature","geometry":{"type":"Point","coordinates":[2694254.5458827084,235777.4630716631]},"properties":{"NAME":"Philadelphia","CLASS":"city","ST":"PA","STFIPS":"42","PLACEFIPS":"4260000","CAPITAL":" ","POP_CLASS":10,"POPULATION":1587761,"POP2010":1526006,"WHITE":626221,"BLACK":661839,"AMERI_ES":6996,"ASIAN":96405,"HAWN_PI":744,"HISPANIC":187611,"OTHER":90731,"MULT_RACE":43070,"MALES":719813,"FEMALES":806193,"AGE_UNDER5":101053,"AGE_5_9":90827,"AGE_10_14":90640,"AGE_15_19":118297,"AGE_20_24":146717,"AGE_25_34":246062,"AGE_35_44":188323,"AGE_45_54":197970,"AGE_55_64":160808,"AGE_65_74":94764,"AGE_75_84":62434,"AGE_85_UP":28111,"MED_AGE":33.6,"MED_AGE_M":32.1,"MED_AGE_F":35.1,"HOUSEHOLDS":599736,"AVE_HH_SZ":2.45,"HSEHLD_1_M":118372,"HSEHLD_1_F":139405,"MARHH_CHD":74277,"MARHH_NO_C":95310,"MHH_CHILD":18486,"FHH_CHILD":86946,"FAMILIES":340354,"AVE_FAM_SZ":3.2,"HSE_UNITS":670171,"VACANT":70435,"OWNER_OCC":324536,"RENTER_OCC":275200,"r":4,"stroke":"#fff","type":"point"},"id":2987},
{"type":"Feature","geometry":{"type":"Point","coordinates":[1348874.9388557314,410758.2084955976]},"properties":{"NAME":"Pittsburgh","CLASS":"city","ST":"PA","STFIPS":"42","PLACEFIPS":"4261000","CAPITAL":" ","POP_CLASS":8,"POPULATION":309419,"POP2010":305704,"WHITE":201766,"BLACK":79710,"AMERI_ES":584,"ASIAN":13465,"HAWN_PI":86,"HISPANIC":6964,"OTHER":2405,"MULT_RACE":7688,"MALES":148101,"FEMALES":157603,"AGE_UNDER5":15109,"AGE_5_9":13026,"AGE_10_14":12848,"AGE_15_19":24349,"AGE_20_24":42212,"AGE_25_34":51740,"AGE_35_44":31990,"AGE_45_54":37894,"AGE_55_64":34385,"AGE_65_74":19689,"AGE_75_84":15115,"AGE_85_UP":7347,"MED_AGE":33.5,"MED_AGE_M":32.1,"MED_AGE_F":35,"HOUSEHOLDS":136217,"AVE_HH_SZ":2.07,"HSEHLD_1_M":35489,"HSEHLD_1_F":38762,"MARHH_CHD":12529,"MARHH_NO_C":23502,"MHH_CHILD":2397,"FHH_CHILD":12421,"FAMILIES":61741,"AVE_FAM_SZ":2.87,"HSE_UNITS":156165,"VACANT":19948,"OWNER_OCC":64807,"RENTER_OCC":71410,"r":4,"stroke":"#fff","type":"point"},"id":2989},
{"type":"Feature","geometry":{"type":"Point","coordinates":[1938924.5582281246,531028.8810991066]},"properties":{"NAME":"State College","CLASS":"borough","ST":"PA","STFIPS":"42","PLACEFIPS":"4273808","CAPITAL":" ","POP_CLASS":6,"POPULATION":45853,"POP2010":42034,"WHITE":34959,"BLACK":1602,"AMERI_ES":64,"ASIAN":4121,"HAWN_PI":17,"HISPANIC":1629,"OTHER":418,"MULT_RACE":853,"MALES":22681,"FEMALES":19353,"AGE_UNDER5":777,"AGE_5_9":537,"AGE_10_14":490,"AGE_15_19":8766,"AGE_20_24":21230,"AGE_25_34":3971,"AGE_35_44":1550,"AGE_45_54":1395,"AGE_55_64":1334,"AGE_65_74":839,"AGE_75_84":718,"AGE_85_UP":427,"MED_AGE":22.5,"MED_AGE_M":22.5,"MED_AGE_F":22.4,"HOUSEHOLDS":12610,"AVE_HH_SZ":2.3,"HSEHLD_1_M":5251,"HSEHLD_1_F":4278,"MARHH_CHD":804,"MARHH_NO_C":1485,"MHH_CHILD":125,"FHH_CHILD":248,"FAMILIES":3069,"AVE_FAM_SZ":2.71,"HSE_UNITS":13007,"VACANT":397,"OWNER_OCC":2562,"RENTER_OCC":10048,"r":4,"stroke":"#fff","type":"point"},"id":2999}
]}